{
    "1": {
        "name": "Methane",
        "form": "CH4",
        "Kpol": 6,
        "Kexp": 18,
        "Tc": 190.564,
        "Pc": 45.99,
        "Dc": 10.13900143,
        "nr": [
            "0.57335704239162",
            "-0.16760687523730e1",
            "0.23405291834916",
            "-0.21947376343441",
            "0.16369201404128e-1",
            "0.15004406389280e-1",
            "0.98990489492918e-1",
            "0.58382770929055",
            "-0.74786867560390",
            "0.30033302857974",
            "0.20985543806568",
            "-0.18590151133061e-1",
            "-0.15782558339049",
            "0.12716735220791",
            "-0.32019743894346e-1",
            "-0.68049729364536e-1",
            "0.24291412853736e-1",
            "0.51440451639444e-2",
            "-0.19084949733532e-1",
            "0.55229677241291e-2",
            "-0.44197392976085e-2",
            "0.40061416708429e-1",
            "-0.33752085907575e-1",
            "-0.25127658213357e-2"
        ],
        "dr": [
            "1",
            "1",
            "2",
            "2",
            "4",
            "4",
            "1",
            "1",
            "1",
            "2",
            "3",
            "6",
            "2",
            "3",
            "3",
            "4",
            "4",
            "2",
            "3",
            "4",
            "5",
            "6",
            "6",
            "7"
        ],
        "tr": [
            "0.125",
            "1.125",
            "0.375",
            "1.125",
            "0.625",
            "1.500",
            "0.625",
            "2.625",
            "2.750",
            "2.125",
            "2.000",
            "1.750",
            "4.500",
            "4.750",
            "5.000",
            "4.000",
            "4.500",
            "7.500",
            "14.000",
            "11.500",
            "26.000",
            "28.000",
            "30.000",
            "16.000"
        ],
        "cr": [
            "1",
            "1",
            "1",
            "1",
            "1",
            "1",
            "2",
            "2",
            "2",
            "2",
            "2",
            "3",
            "3",
            "3",
            "6",
            "6",
            "6",
            "6"
        ]
    }
}
